<?xml version="1.0" encoding="UTF-8"?>
<beans xmlns="http://www.springframework.org/schema/beans"
       xmlns:xsi="http://www.w3.org/2001/XMLSchema-instance"
       xsi:schemaLocation="http://www.springframework.org/schema/beans
                           http://www.springframework.org/schema/beans/spring-beans.xsd">

    <bean id="departmentList" class="java.util.ArrayList">
        <constructor-arg>
            <list>
                <bean class="com.cognizant.spring_learn.model.Department">
                    <property name="id" value="1"/>
                    <property name="name" value="Human Resources"/>
                </bean>
                <bean class="com.cognizant.spring_learn.model.Department">
                    <property name="id" value="2"/>
                    <property name="name" value="Finance"/>
                </bean>
                <bean class="com.cognizant.spring_learn.model.Department">
                    <property name="id" value="3"/>
                    <property name="name" value="Engineering"/>
                </bean>
            </list>
        </constructor-arg>
    </bean>
</beans>
